{"cameraMode":{"drawMode":0,"name":"Shaded","section":"Shading Mode"},"sceneLighting":true,"audioPlay":false,"sceneViewState":{"m_AlwaysRefresh":false,"showFog":true,"showSkybox":true,"showFlares":true,"showImageEffects":true,"showParticleSystems":true,"showVisualEffectGraphs":true,"m_FxEnabled":true},"in2DMode":false,"pivot":{"x":25.514673233032228,"y":-32.5729866027832,"z":100.45420837402344},"rotation":{"x":0.5534043908119202,"y":0.010240153409540654,"z":-0.006804883945733309,"w":0.8328148722648621},"size":86.84121704101563,"orthographic":true}